Series;Tittle;Volume;Number;Writer;Penciller;Inker;Colorist;Summary
Dr. Stone;Stone World;1;;Riichiro Inagaki;Boichi;;;
Dr. Stone;Two Kingdoms of the Stone World;2;;Riichiro Inagaki;Boichi;;;
Dr. Stone;Two Million Years of Being;3;;Riichiro Inagaki;Boichi;;;
Dr. Stone;Senku's Lab;4;;Riichiro Inagaki;Boichi;;;
Dr. Stone;Tale for the Ages;5;;Riichiro Inagaki;Boichi;;;
Dr. Stone;Stone Wars;6;;Riichiro Inagaki;Boichi;;;
Dr. Stone;Voices from Here to Eternity;7;;Riichiro Inagaki;Boichi;;;
Dr. Stone;Hot Line;8;;Riichiro Inagaki;Boichi;;;
Dr. Stone;Final Battle;9;;Riichiro Inagaki;Boichi;;;
Dr. Stone;Wings of Humanity;10;;Riichiro Inagaki;Boichi;;;
Dr. Stone;First Contact;11;;Riichiro Inagaki;Boichi;;;
Dr. Stone;The Secret of Petrification;12;;Riichiro Inagaki;Boichi;;;
Dr. Stone;Science Wars;13;;Riichiro Inagaki;Boichi;;;
Dr. Stone;Medusa's True Face;14;;Riichiro Inagaki;Boichi;;;
Dr. Stone;The Strongest Weapon Is...;15;;Riichiro Inagaki;Boichi;;;
Dr. Stone;Medusa vs. Science;16;;Riichiro Inagaki;Boichi;;;
Dr. Stone;Pioneers of Earth;17;;Riichiro Inagaki;Boichi;;;
Dr. Stone;Science Is Elegant;18;;Riichiro Inagaki;Boichi;;;
Dr. Stone;Corn City: Population One Million;19;;Riichiro Inagaki;Boichi;;;
Dr. Stone;Medusa Mechanism;20;;Riichiro Inagaki;Boichi;;;
Dr. Stone;Stone Sanctuary;21;;Riichiro Inagaki;Boichi;;;
Dr. Stone;Our Stone World;22;;Riichiro Inagaki;Boichi;;;
Dr. Stone;Future Engine;23;;Riichiro Inagaki;Boichi;;;
Dr. Stone;Final Part: Stone to Space;24;;Riichiro Inagaki;Boichi;;;
Dr. Stone;0;25;;Riichiro Inagaki;Boichi;;;
Dr. Stone;A Future To Get Excited About;26;;Riichiro Inagaki;Boichi;;;
Spy X Family;;;;Tatsuya Endo;;;;
Tomo-chan wa Onna no ko!;;;;Fumita Yanagida;;;;
Nana to Kaoru;;;;Ryuta Amazume;;;;
Nana to Kaoru Black Label;;;;Ryuta Amazume;;;;
Nana to Kaoru Last Year;;;;Ryuta Amazume;;;;
Nana to Kaoru Pink Pure;;;;Tamami Momose;;;;
